department,title,date,pdf_url
Consumer Education and Protection,"Reserve Bank of India (Commercial Banks - Internal Ombudsman) Directions, 2026",2026-01-14,https://rbidocs.rbi.org.in/rdocs/notification/PDFs/380MD14012026DAD56B73DC944F02AEA4530EC779AD7F.PDF
Consumer Education and Protection,"Reserve Bank of India (Payments Banks - Internal Ombudsman) Directions, 2026",2026-01-14,https://rbidocs.rbi.org.in/rdocs/notification/PDFs/NOT3821EAEF90E037B4061A91775A5525510C3.PDF
Consumer Education and Protection,"Master Direction - Reserve Bank of India (Internal Ombudsman for Regulated Entities) Directions, 2023",2023-12-29,https://rbidocs.rbi.org.in/rdocs/notification/PDFs/108MDINTERNALOMBUDSMANCC05402F77BE4F229B59877F341386A4.PDF
Dept of Regulation - Commercial Banks,"Reserve Bank of India (Commercial Banks - Capital Charge for Credit Risk - Standardised Approach) Directions, 2026 (Effective from April 1, 2027)",2026-04-27,https://rbidocs.rbi.org.in/rdocs/notification/PDFs/397MD7DCC951F9F014A738C60E0FBC1A73D70.PDF
Dept of Regulation - Commercial Banks,"Reserve Bank of India (Commercial Banks - Asset Classification, Provisioning and Income Recognition) Directions, 2026",2026-04-27,https://rbidocs.rbi.org.in/rdocs/notification/PDFs/MD39857992A3DBE7946619F0F76DF81E472CF.PDF
Dept of Regulation - Commercial Banks,"Reserve Bank of India (Commercial Banks - Prudential Norms on Declaration of Dividend and Remittances of Profits) Directions, 2026",2026-03-10,https://rbidocs.rbi.org.in/rdocs/notification/PDFs/387MD1003202698CBFA3D29254532B33C97C231B6F7D8.PDF
Dept of Regulation - Commercial Banks,"Reserve Bank of India (Commercial Banks - Miscellaneous) Directions, 2025",2025-11-28,https://rbidocs.rbi.org.in/rdocs/notification/PDFs/174MD.PDF
Dept of Regulation - Commercial Banks,"Reserve Bank of India (Commercial Banks - Forthcoming Instructions) Directions, 2025",2025-11-28,https://rbidocs.rbi.org.in/rdocs/notification/PDFs/173MD.PDF
Dept of Regulation - Commercial Banks,"Reserve Bank of India (Commercial Banks - Climate Finance and Management of Climate Change Risks) Directions, 2025",2025-11-28,https://rbidocs.rbi.org.in/rdocs/notification/PDFs/172MD.PDF
Dept of Regulation - Commercial Banks,"Reserve Bank of India (Commercial Banks - Managing Risks in Outsourcing) Directions, 2025",2025-11-28,https://rbidocs.rbi.org.in/rdocs/notification/PDFs/171MD.PDF
Dept of Regulation - Commercial Banks,"Reserve Bank of India (Commercial Banks - Responsible Business Conduct) Directions, 2025 (Updated as on April 1, 2026)",2025-11-28,https://rbidocs.rbi.org.in/rdocs/notification/PDFs/170MD.PDF
Dept of Regulation - Commercial Banks,"Reserve Bank of India (Commercial Banks - Know Your Customer) Directions, 2025 (Updated as on December 29, 2025)",2025-11-28,https://rbidocs.rbi.org.in/rdocs/notification/PDFs/169MD.PDF
Dept of Regulation - Commercial Banks,"Reserve Bank of India (Commercial Banks - Financial Statements: Presentation and Disclosures) Directions, 2025 (Updated as on May 18, 2026)",2025-11-28,https://rbidocs.rbi.org.in/rdocs/notification/PDFs/167MD.PDF
Dept of Regulation - Commercial Banks,"Reserve Bank of India (Commercial Banks - Treatment of Wilful Defaulters and Large Defaulters) Directions, 2025",2025-11-28,https://rbidocs.rbi.org.in/rdocs/notification/PDFs/166MD.PDF
Dept of Regulation - Commercial Banks,"Reserve Bank of India (Commercial Banks - Resolution of Stressed Assets) Directions, 2025",2025-11-28,https://rbidocs.rbi.org.in/rdocs/notification/PDFs/165MD.PDF
Dept of Regulation - Commercial Banks,"Reserve Bank of India (Commercial Banks - Income Recognition, Asset Classification and Provisioning) Directions, 2025 (Updated as on January 01, 2026)",2025-11-28,https://rbidocs.rbi.org.in/rdocs/notification/PDFs/164MD.PDF
Dept of Regulation - Commercial Banks,"Reserve Bank of India (Commercial Banks - Asset Liability Management) Directions, 2025",2025-11-28,https://rbidocs.rbi.org.in/rdocs/notification/PDFs/163MD.PDF
Dept of Regulation - Commercial Banks,"Reserve Bank of India (Commercial Banks - Classification, Valuation and Operation of Investment Portfolio) Directions, 2025 (Updated as on May 18, 2026)",2025-11-28,https://rbidocs.rbi.org.in/rdocs/notification/PDFs/162MD.PDF
Dept of Regulation - Commercial Banks,"Reserve Bank of India (Commercial Banks - Interest Rates on Advances) Directions, 2025",2025-11-28,https://rbidocs.rbi.org.in/rdocs/notification/PDFs/161MD.PDF
Dept of Regulation - Commercial Banks,"Reserve Bank of India (Commercial Banks - Securitisation Transactions) Directions, 2025",2025-11-28,https://rbidocs.rbi.org.in/rdocs/notification/PDFs/160MD.PDF
Dept of Regulation - Commercial Banks,"Reserve Bank of India (Commercial Banks - Transfer and Distribution of Credit Risk) Directions, 2025",2025-11-28,https://rbidocs.rbi.org.in/rdocs/notification/PDFs/159MD.PDF
Dept of Regulation - Commercial Banks,"Reserve Bank of India (Commercial Banks - Concentration Risk Management) Directions, 2025 (Updated as on April 01, 2026)",2025-11-28,https://rbidocs.rbi.org.in/rdocs/notification/PDFs/158MD.PDF
Dept of Regulation - Commercial Banks,"Reserve Bank of India (Commercial Banks - Credit Risk Management) Directions, 2025 (Updated as on April 01, 2026)",2025-11-28,https://rbidocs.rbi.org.in/rdocs/notification/PDFs/157MD.PDF
Dept of Regulation - Commercial Banks,"Reserve Bank of India (Commercial Banks - Credit Information Reporting) Directions, 2025",2025-11-28,https://rbidocs.rbi.org.in/rdocs/notification/PDFs/156MD.PDF
Dept of Regulation - Commercial Banks,"Reserve Bank of India (Commercial Banks - Credit Cards and Debit Cards: Issuance and Conduct) Directions, 2025",2025-11-28,https://rbidocs.rbi.org.in/rdocs/notification/PDFs/155MD.PDF
Dept of Regulation - Commercial Banks,"Reserve Bank of India (Commercial Banks - Credit Facilities) Directions, 2025 (Updated as on April 01, 2026)",2025-11-28,https://rbidocs.rbi.org.in/rdocs/notification/PDFs/154MD.PDF
Dept of Regulation - Commercial Banks,"Reserve Bank of India (Commercial Banks - Interest Rate on Deposits) Directions, 2025",2025-11-28,https://rbidocs.rbi.org.in/rdocs/notification/PDFs/153MD.PDF
Dept of Regulation - Commercial Banks,"Reserve Bank of India (Commercial Banks - Resource Raising Norms) Directions, 2025",2025-11-28,https://rbidocs.rbi.org.in/rdocs/notification/PDFs/152MD.PDF
Dept of Regulation - Commercial Banks,"Reserve Bank of India (Commercial Banks - Prudential Norms on Capital Adequacy) Directions, 2025 (Updated as on May 18, 2026)",2025-11-28,https://rbidocs.rbi.org.in/rdocs/notification/PDFs/151MD.PDF
Dept of Regulation - Commercial Banks,"Reserve Bank of India (Commercial Banks - Cash Reserve Ratio and Statutory Liquidity Ratio) Directions, 2025 (Updated as on January 22, 2026)",2025-11-28,https://rbidocs.rbi.org.in/rdocs/notification/PDFs/150MD.PDF
Dept of Regulation - Commercial Banks,"Reserve Bank of India (Commercial Banks - Governance) Directions, 2025",2025-11-28,https://rbidocs.rbi.org.in/rdocs/notification/PDFs/149MD.PDF
Dept of Regulation - Commercial Banks,"Reserve Bank of India (Commercial Banks - Undertaking of Financial Services) Directions, 2025 (Updated as on April 27, 2026)",2025-11-28,https://rbidocs.rbi.org.in/rdocs/notification/PDFs/148MD.PDF
Dept of Regulation - Commercial Banks,"Reserve Bank of India (Commercial Banks - Digital Banking Channels Authorisation) Directions, 2025",2025-11-28,https://rbidocs.rbi.org.in/rdocs/notification/PDFs/380MD.PDF
Dept of Regulation - Commercial Banks,"Reserve Bank of India (Commercial Banks - Branch Authorisation) Directions, 2025",2025-11-28,https://rbidocs.rbi.org.in/rdocs/notification/PDFs/147MD.PDF
Dept of Regulation - Commercial Banks,"Reserve Bank of India (Commercial Banks - Voluntary Amalgamation) Directions, 2025",2025-11-28,https://rbidocs.rbi.org.in/rdocs/notification/PDFs/146MD.PDF
Dept of Regulation - Commercial Banks,"Reserve Bank of India (Commercial Banks - Acquisition and Holding of Shares or Voting Rights) Directions, 2025",2025-11-28,https://rbidocs.rbi.org.in/rdocs/notification/PDFs/145MD.PDF
Dept of Regulation - Payments Banks,"Reserve Bank of India (Payments Banks - Prudential Norms on Declaration of Dividend) Directions, 2026",2026-03-10,https://rbidocs.rbi.org.in/rdocs/notification/PDFs/388MD10032026C9C28BA2FD904454A24EE40607D82CC7.PDF
Dept of Regulation - Payments Banks,"Reserve Bank of India (Payments Banks - Miscellaneous) Directions, 2025 (Updated as on April 01, 2026)",2025-11-28,https://rbidocs.rbi.org.in/rdocs/notification/PDFs/221MD.PDF
Dept of Regulation - Payments Banks,"Reserve Bank of India (Payments Banks - Know Your Customer) Directions, 2025 (Updated as on December 29, 2025)",2025-11-28,https://rbidocs.rbi.org.in/rdocs/notification/PDFs/218MD.PDF
Dept of Regulation - Payments Banks,"Reserve Bank of India (Payments Banks - Interest Rate on Deposits) Directions, 2025",2025-11-28,https://rbidocs.rbi.org.in/rdocs/notification/PDFs/212MD.PDF
Dept of Regulation - Payments Banks,"Reserve Bank of India (Payments Banks - Prudential Norms on Capital Adequacy) Directions, 2025 (updated as on May 08, 2026)",2025-11-28,https://rbidocs.rbi.org.in/rdocs/notification/PDFs/211MD.PDF
Dept of Regulation - Payments Banks,"Reserve Bank of India (Payments Banks - Cash Reserve Ratio and Statutory Liquidity Ratio) Directions, 2025 (Updated as on January 22, 2026)",2025-11-28,https://rbidocs.rbi.org.in/rdocs/notification/PDFs/210MD.PDF
Dept of Regulation - Payments Banks,"Reserve Bank of India (Payments Banks - Governance) Directions, 2025",2025-11-28,https://rbidocs.rbi.org.in/rdocs/notification/PDFs/209MD.PDF
Dept of Regulation - Payments Banks,"Reserve Bank of India (Payments Banks - Branch Authorisation) Directions, 2025",2025-11-28,https://rbidocs.rbi.org.in/rdocs/notification/PDFs/207MD.PDF
Dept of Supervision - Commercial Banking,Master Directions on Fraud Risk Management in Commercial Banks (including Regional Rural Banks) and All India Financial Institutions,2024-07-15,https://rbidocs.rbi.org.in/rdocs/notification/PDFs/118MDE97B8ED9A09B4B21BE7FDDE5F836CD09.PDF
Dept of Supervision - Commercial Banking,Master Direction - Reserve Bank of India (Filing of Supervisory Returns) Directions - 2024,2024-02-27,https://rbidocs.rbi.org.in/rdocs/notification/PDFs/MD11024D1EF9CB39B44ABB23DF586173E0CDE.PDF
Dept of Supervision - Commercial Banking,"Master Direction on Information Technology Governance, Risk, Controls and Assurance Practices",2023-11-07,https://rbidocs.rbi.org.in/rdocs/notification/PDFs/107MDITGOVERNANCE3303572008604C67AC25B84292D85567.PDF
Dept of Supervision - Commercial Banking,Master Direction on Digital Payment Security Controls,2021-02-18,https://rbidocs.rbi.org.in/rdocs/notification/PDFs/MD7493544C24B5FC47D0AB12798C61CDB56F.PDF
Dept of Supervision - Commercial Banking,"Master Directions on Frauds - Classification and Reporting by commercial banks and select FIs (Updated as on July 03, 2017)",2016-07-01,https://rbidocs.rbi.org.in/rdocs/notification/PDFs/MD28A4C421E7F7724C07B38E3C6207F3548E.PDF
Financial Inclusion and Development,"Master Directions - Reserve Bank of India (Priority Sector Lending - Targets and Classification) Directions, 2025 (Updated as on January 19, 2026)",2025-03-24,https://rbidocs.rbi.org.in/rdocs/notification/PDFs/128MD66C4DDCB167C4DC9A5BD913570CB3D47.PDF
Financial Inclusion and Development,"Master Directions - Priority Sector Lending (PSL) - Targets and Classification dated September 04, 2020 [SUPERSEDED by 2025 version above]",2020-09-04,https://rbidocs.rbi.org.in/rdocs/notification/PDFs/MDPSL803EE903174E4C85AFA14C335A5B0909.PDF
Financial Inclusion and Development,Master Direction - Reserve Bank of India (Relief Measures by Banks in Areas affected by Natural Calamities) Directions 2018 - RRBs,2018-10-17,https://rbidocs.rbi.org.in/rdocs/notification/PDFs/65MD603579515C5142D2B168D5FA886A2CCB.PDF
Financial Inclusion and Development,Master Direction - Reserve Bank of India (Relief Measures by Banks in Areas affected by Natural Calamities) Directions 2018 - SCBs,2018-10-17,https://rbidocs.rbi.org.in/rdocs/notification/PDFs/64MDE1617F2067C546028690756E30B0C0F7.PDF
Financial Inclusion and Development,"Master Direction - Lending to Micro, Small & Medium Enterprises (MSME) Sector (Updated as on February 09, 2026)",2017-07-24,https://rbidocs.rbi.org.in/rdocs/notification/PDFs/56MD24072017E50D0ED63F9B4414AA756FF0FC72FB66.PDF
